URL,Version,Status,OIDs,Name,Title,Description,Used
http://example.org/fhir/CodeSystem/associated-party-role,2026.0.1,active,,AssociatedPartyRoleCS,Associated Party Role Code System,"Roles that an associated party may have in relation to an entity such as a research study.","ValueSet/associated-party-role-vs"
http://example.org/fhir/CodeSystem/research-study-category,2026.0.1,active,,ResearchStudyCategoryCS,Research Study Category Code System,"High-level categories describing the overall type of a research study.","ValueSet/research-study-category-vs"
http://hl7.org/fhir/composition-status,4.0.1,draft,"2.16.840.1.113883.4.642.4.242",CompositionStatus,CompositionStatus,"The workflow/clinical status of the composition.","ValueSet/composition-status"
http://hl7.org/fhir/days-of-week,4.0.1,active,"2.16.840.1.113883.4.642.4.513",DaysOfWeek,DaysOfWeek,"The days of the week.","ValueSet/days-of-week"
http://hl7.org/fhir/document-reference-status,4.0.1,draft,"2.16.840.1.113883.4.642.4.8",DocumentReferenceStatus,DocumentReferenceStatus,"The status of the document reference.","ValueSet/document-reference-status"
http://hl7.org/fhir/document-relationship-type,4.0.1,draft,"2.16.840.1.113883.4.642.4.245",DocumentRelationshipType,DocumentRelationshipType,"The type of relationship between documents.","ValueSet/document-relationship-type"
http://hl7.org/fhir/group-measure,4.0.1,draft,"2.16.840.1.113883.4.642.4.1346",GroupMeasure,GroupMeasure,"Possible group measure aggregates (E.g. Mean, Median).","ValueSet/group-measure"
http://hl7.org/fhir/identifier-use,4.0.1,active,"2.16.840.1.113883.4.642.4.58",IdentifierUse,IdentifierUse,"Identifies the purpose for this identifier, if known .","ValueSet/identifier-use"
http://hl7.org/fhir/publication-status,4.0.1,active,"2.16.840.1.113883.4.642.4.4",PublicationStatus,PublicationStatus,"The lifecycle status of an artifact.","ValueSet/publication-status"
http://hl7.org/fhir/quantity-comparator,4.0.1,active,"2.16.840.1.113883.4.642.4.60",QuantityComparator,QuantityComparator,"How the Quantity should be understood and represented.","ValueSet/quantity-comparator"
http://hl7.org/fhir/related-artifact-type,4.0.1,draft,"2.16.840.1.113883.4.642.4.100",RelatedArtifactType,RelatedArtifactType,"The type of relationship to the related artifact.","ValueSet/related-artifact-type"
http://hl7.org/fhir/request-intent,4.0.1,draft,"2.16.840.1.113883.4.642.4.114",RequestIntent,RequestIntent,"Codes indicating the degree of authority/intentionality associated with a request.","ValueSet/request-intent"
http://hl7.org/fhir/request-priority,4.0.1,draft,"2.16.840.1.113883.4.642.4.116",RequestPriority,RequestPriority,"Identifies the level of importance to be assigned to actioning the request.","ValueSet/request-priority"
http://hl7.org/fhir/request-status,4.0.1,draft,"2.16.840.1.113883.4.642.4.112",RequestStatus,RequestStatus,"Codes identifying the lifecycle stage of a request.","ValueSet/request-status"
http://hl7.org/fhir/research-study-status,4.0.1,draft,"2.16.840.1.113883.4.642.4.820",ResearchStudyStatus,ResearchStudyStatus,"Codes that convey the current status of the research study.","ValueSet/research-study-status"
http://hl7.org/fhir/research-subject-status,4.0.1,draft,"2.16.840.1.113883.4.642.4.830",ResearchSubjectStatus,ResearchSubjectStatus,"Indicates the progression of a study subject through a study.","ValueSet/research-subject-status"
http://hl7.org/fhir/resource-types,4.0.1,active,,ResourceType,ResourceType,"One of the resource types defined as part of this version of FHIR.","ValueSet/subject-type"
http://hl7.org/fhir/variable-type,4.0.1,draft,"2.16.840.1.113883.4.642.4.1344",EvidenceVariableType,EvidenceVariableType,"The possible types of variables for exposures or outcomes (E.g. Dichotomous, Continuous, Descriptive).","ValueSet/variable-type"
http://snomed.info/sct,null,active,"2.16.840.1.113883.6.96",SNOMED_CT,SNOMED CT (all versions),"SNOMED CT is the most comprehensive and precise clinical health terminology product in the world, owned and distributed around the world by The International Health Terminology Standards Development Organisation (IHTSDO).","ValueSet/servicerequest-category,ValueSet/condition-code,ValueSet/c80-facilitycodes,ValueSet/practitioner-role,ValueSet/c80-practice-codes,ValueSet/participant-role,ValueSet/body-site,ValueSet/procedure-code,ValueSet/servicerequest-orderdetail,ValueSet/procedure-reason,ValueSet/medication-as-needed-reason"
http://terminology.hl7.org/CodeSystem/common-tags,1.0.1,active,"2.16.840.1.113883.4.642.1.1067",CommonTags,Common Tags,"Common Tag Codes defined by FHIR project","ValueSet/common-tags"
http://terminology.hl7.org/CodeSystem/definition-topic,1.0.1,active,"2.16.840.1.113883.4.642.1.1244",DefinitionTopic,DefinitionTopic,"High-level categorization of the definition, used for searching, sorting, and filtering.","ValueSet/definition-topic"
http://terminology.hl7.org/CodeSystem/library-type,1.0.1,active,"2.16.840.1.113883.4.642.1.1230",LibraryType,LibraryType,"The type of knowledge asset this library contains.","ValueSet/library-type"
http://terminology.hl7.org/CodeSystem/practitioner-role,1.0.1,active,"2.16.840.1.113883.4.642.1.1132",PractitionerRole,Practitioner role,"This example value set defines a set of codes that can be used to indicate the role of a Practitioner.","ValueSet/practitioner-role"
http://terminology.hl7.org/CodeSystem/research-study-objective-type,2.0.0,active,"2.16.840.1.113883.4.642.1.1248",ResearchStudyObjectiveType,ResearchStudyObjectiveType,"Codes for the kind of study objective.","ValueSet/research-study-objective-type"
http://terminology.hl7.org/CodeSystem/research-study-phase,1.0.0,active,"2.16.840.1.113883.4.642.1.1247",ResearchStudyPhase,ResearchStudyPhase,"Codes for the stage in the progression of a therapy from initial experimental use in humans in clinical trials to post-market evaluation.","ValueSet/research-study-phase"
http://terminology.hl7.org/CodeSystem/research-study-prim-purp-type,2.0.0,active,"2.16.840.1.113883.4.642.1.1250",ResearchStudyPrimaryPurposeType,ResearchStudyPrimaryPurposeType,"Codes for the main intent of the study.","ValueSet/research-study-prim-purp-type"
http://terminology.hl7.org/CodeSystem/research-study-reason-stopped,2.0.0,active,"2.16.840.1.113883.4.642.1.1249",ResearchStudyReasonStopped,ResearchStudyReasonStopped,"Codes for why the study ended prematurely.","ValueSet/research-study-reason-stopped"
http://terminology.hl7.org/CodeSystem/title-type,1.0.0,active,,TitleType,Title Type,"Used to express the reason and specific aspect for the variant title, such as language and specific language.","ValueSet/title-type"
http://terminology.hl7.org/CodeSystem/usage-context-type,2.0.1,active,"2.16.840.1.113883.4.642.1.1068",UsageContextType,UsageContextType,"A code that specifies a type of context being specified by a usage context.","ValueSet/usage-context-type"
http://terminology.hl7.org/CodeSystem/v2-0203,5.0.0,active,"2.16.840.1.113883.18.108",IdentifierType,identifierType,"HL7-defined code system of concepts specifying type of identifier. Used in HL7 Version 2.x messaging data types CX, PLN, PPN, XCN and XON.","ValueSet/identifier-type"
http://terminology.hl7.org/CodeSystem/v3-ActCode,11.0.0,active,"2.16.840.1.113883.5.4",ActCode,ActCode,"A code specifying the particular kind of Act that the Act-instance represents within its class.    *Constraints:* The kind of Act (e.g. physical examination, serum potassium, inpatient encounter, charge financial transaction, etc.) is specified with a code from one of several, typically external, coding systems. The coding system will depend on the class of Act, such as LOINC for observations, etc.    Conceptually, the Act.code must be a specialization of the Act.classCode. This is why the structure of ActClass domain should be reflected in the superstructure of the ActCode domain and then individual codes or externally referenced vocabularies subordinated under these domains that reflect the ActClass structure.    Act.classCode and Act.code are not modifiers of each other but the Act.code concept should really imply the Act.classCode concept. For a negative example, it is not appropriate to use an Act.code ""potassium"" together with and Act.classCode for ""laboratory observation"" to somehow mean ""potassium laboratory observation"" and then use the same Act.code for ""potassium"" together with Act.classCode for ""medication"" to mean ""substitution of potassium"". This mutually modifying use of Act.code and Act.classCode is not permitted.","ValueSet/v3-ActCode"
http://terminology.hl7.org/CodeSystem/v3-RoleCode,4.0.0,active,"2.16.840.1.113883.5.111",RoleCode,RoleCode,"A set of codes further specifying the kind of Role; specific classification codes for further qualifying RoleClass codes.","ValueSet/v3-ServiceDeliveryLocationRoleType"
urn:ietf:bcp:47,2.0.1,active,,Ietf3066,Tags for the Identification of Languages,"Older value from OID registry.  Superceded; see recommendations in BCP-47.","ValueSet/languages"
