Source File	Size	loadResources	load	generateSnapshots	load-configure	scan	loadDepInfo	loadInfo	checkR4R4B	generateNarratives	validate	loadLists	checkConformanceResources	checkConformanceResources2	checkConformanceResources3	generateLogicalMaps	validateExpressions	scanForUsageStats	checkURLsUnique	processProvenanceDetails	translate	generate1	generate2	generateLogicals	makeDependencies	generateExampleZip	generateValidationPack	scanProfilesForR5	scanExamplesForR5
/fsh-generated/resources/ImplementationGuide-mii-ig-studie.json	30368	-	0	0	0	0	0	0	14	270	0	0	0	0	0	0	0	1	0	0	24	177	344	0	0	0	6	0	2
fsh-generated/resources/Bundle-mii-studie-test-data-bundle-studie.json	25938	9	31	0	1	0	0	0	3	1174	0	0	0	0	0	0	0	0	0	0	19	71	146	0	0	1	0	0	1
fsh-generated/resources/CapabilityStatement-MII-CPS-Metadata-Studie.json	29284	5	0	0	0	0	1	0	2	33	0	0	0	0	0	0	0	0	0	0	7	138	77	0	1	0	4	0	0
fsh-generated/resources/CodeSystem-associated-party-role-cs.json	1646	2	0	0	0	0	0	0	0	7	0	0	2	0	0	0	0	0	0	0	6	126	110	0	0	0	0	0	0
fsh-generated/resources/CodeSystem-research-study-category-cs.json	1252	1	0	0	1	0	0	0	0	4	0	0	0	0	0	0	0	0	0	0	5	63	88	0	0	0	1	0	0
fsh-generated/resources/Consent-mii-exa-studie-consent.json	481	2	0	0	0	0	0	0	0	130	0	0	0	0	0	0	0	0	0	0	4	77	20	0	0	0	0	0	0
fsh-generated/resources/DocumentReference-mii-exa-studie-dokument.json	759	1	0	0	0	0	0	0	0	88	0	0	0	0	0	0	0	0	0	0	5	62	18	0	0	0	0	0	0
fsh-generated/resources/EvidenceVariable-mii-exa-studie-ein-auschluss-kriterium.json	5171	2	0	0	0	0	0	0	1	91	0	0	0	0	0	0	0	0	0	0	5	98	38	0	0	0	0	0	1
fsh-generated/resources/EvidenceVariable-mii-exa-studie-evidence-variable-age-restriction.json	450	1	0	0	0	0	0	0	0	2	0	0	0	0	0	0	0	0	0	0	4	45	15	0	0	0	0	0	0
fsh-generated/resources/Library-mii-exa-studie-register.json	705	2	0	0	0	0	0	0	0	17	0	0	0	0	0	0	0	0	0	0	4	19	13	0	0	0	0	0	0
fsh-generated/resources/Organization-mii-exa-studie-author.json	115	1	0	0	0	0	0	0	0	1	0	0	0	0	0	0	0	0	0	0	4	7	7	0	0	0	0	0	0
fsh-generated/resources/Organization-mii-exa-studie-custodian.json	121	1	0	0	0	0	0	0	0	1	0	0	0	0	0	0	0	0	0	0	4	4	6	0	0	0	0	0	0
fsh-generated/resources/Organization-mii-exa-studie-practitioner-organization.json	140	0	0	0	0	0	0	0	0	1	0	0	0	0	0	0	0	0	0	0	4	4	5	0	0	0	0	0	0
fsh-generated/resources/Patient-mii-exa-studie-patient.json	666	2	0	0	0	0	0	0	0	89	0	0	0	0	0	0	0	0	0	0	4	5	13	0	0	0	0	0	0
fsh-generated/resources/Practitioner-mii-exa-studie-practitioner.json	174	0	0	0	0	0	0	0	0	2	0	0	0	0	0	0	0	0	0	0	4	3	6	0	0	0	0	0	0
fsh-generated/resources/PractitionerRole-mii-exa-studie-beteiligte-person.json	696	2	0	0	0	0	0	0	0	2	0	0	0	0	0	0	0	0	0	0	4	6	16	0	0	0	0	0	0
fsh-generated/resources/ResearchStudy-mii-exa-studie-cohort.json	4337	1	0	0	0	0	0	0	0	7	0	0	0	0	0	0	0	0	0	0	4	12	40	0	0	0	0	0	0
fsh-generated/resources/ResearchStudy-mii-exa-studie-reference-study.json	143	1	0	0	0	0	0	0	0	1	0	0	0	0	0	0	0	0	0	0	4	6	13	0	0	0	0	0	0
fsh-generated/resources/ResearchStudy-mii-exa-studie-studie.json	3985	2	0	0	0	0	0	0	1	4	0	0	0	0	0	0	0	0	0	0	5	11	18	0	0	0	0	0	0
fsh-generated/resources/ResearchSubject-mii-exa-studie-proband.json	858	1	0	0	0	0	0	0	0	90	0	0	0	0	0	0	0	0	0	0	4	5	25	0	0	0	0	0	0
fsh-generated/resources/SearchParameter-DocumentReference-size.json	516	1	0	0	0	0	0	0	0	4	0	0	0	0	0	0	0	0	0	0	3	7	16	0	0	0	0	0	0
fsh-generated/resources/SearchParameter-DocumentReference-title.json	522	1	0	0	0	0	0	0	0	4	0	0	0	0	0	0	0	0	0	0	4	7	13	0	0	0	1	0	0
fsh-generated/resources/SearchParameter-EvidenceVariable-characteristic-description.json	603	1	0	0	0	0	0	0	0	3	0	0	0	0	0	0	0	0	0	0	5	6	13	0	0	0	0	0	0
fsh-generated/resources/SearchParameter-Library-quellregister.json	617	0	0	0	0	0	0	0	0	7	0	0	0	0	0	0	0	0	0	0	4	9	13	0	0	0	0	0	0
fsh-generated/resources/SearchParameter-Library-relatedArtifactUrl.json	529	1	0	0	0	0	0	0	0	3	0	0	0	0	0	0	0	0	0	0	4	7	14	0	0	0	0	0	0
fsh-generated/resources/SearchParameter-ResearchStudy-akronym.json	611	1	0	0	0	0	0	0	0	3	0	0	0	0	0	0	0	1	0	0	5	7	12	0	0	0	1	0	0
fsh-generated/resources/SearchParameter-ResearchStudy-armName.json	478	1	0	0	0	0	0	0	0	3	0	0	0	0	0	0	0	0	0	0	4	7	12	0	0	0	0	0	0
fsh-generated/resources/SearchParameter-ResearchStudy-finanzierung.json	641	1	0	0	0	0	0	0	0	2	0	0	0	0	0	0	0	0	0	0	4	6	13	0	0	0	0	0	0
fsh-generated/resources/SearchParameter-ResearchStudy-label.json	600	1	0	0	0	0	0	0	1	3	0	0	0	0	0	0	0	0	0	0	4	8	11	0	0	0	1	0	0
fsh-generated/resources/SearchParameter-ResearchStudy-rekrutierungsstand-datum.json	769	1	0	0	0	0	0	0	0	3	0	0	0	0	0	0	0	0	0	0	4	7	15	0	0	0	0	0	0
fsh-generated/resources/SearchParameter-ResearchStudy-rekrutierungsstand-genauigkeit.json	807	1	0	0	0	0	0	0	0	2	0	0	0	0	0	0	0	0	0	0	4	7	12	0	0	0	0	0	0
fsh-generated/resources/SearchParameter-ResearchStudy-rekrutierungsstand.json	736	1	0	0	1	0	0	0	0	3	0	0	0	0	0	0	0	0	0	0	4	8	11	0	0	0	1	0	0
fsh-generated/resources/SearchParameter-ResearchStudy-rekrutierungsstart.json	734	1	0	0	0	0	0	0	0	3	0	0	0	0	0	0	0	0	0	0	4	7	13	0	0	0	0	0	0
fsh-generated/resources/SearchParameter-ResearchStudy-rekrutierungsziel.json	730	1	0	0	0	0	0	0	0	3	0	0	0	0	0	0	0	0	0	0	4	8	11	0	0	0	0	0	0
fsh-generated/resources/SearchParameter-ResearchStudy-studienregister.json	662	1	0	0	0	0	0	0	0	2	0	0	0	0	0	0	0	0	0	0	4	7	16	0	0	0	1	0	0
fsh-generated/resources/ServiceRequest-mii-exa-studie-studieneinschluss-anfrage.json	939	2	0	0	0	0	0	0	0	94	0	0	0	0	0	0	0	0	0	0	4	6	22	0	0	0	0	0	0
fsh-generated/resources/StructureDefinition-mii-ex-studie-akronym.json	1359	1	0	12	0	0	0	0	0	589	0	0	1	0	0	0	0	0	0	0	0	34	602	0	0	0	1	0	0
fsh-generated/resources/StructureDefinition-mii-ex-studie-backport-associatedParty.json	5295	3	0	42	0	0	0	0	1	194	0	0	0	0	0	0	0	0	0	0	1	141	494	0	0	0	6	0	1
fsh-generated/resources/StructureDefinition-mii-ex-studie-backport-definition-by-combination.json	3710	2	0	26	0	0	0	1	0	97	0	0	0	0	0	0	0	1	0	0	0	104	306	0	0	0	4	0	0
fsh-generated/resources/StructureDefinition-mii-ex-studie-backport-definition-by-type-and-value.json	5691	3	0	40	0	0	0	0	0	184	0	0	0	0	0	0	0	0	0	0	1	193	357	0	0	0	7	0	1
fsh-generated/resources/StructureDefinition-mii-ex-studie-backport-definitionCanonical.json	1746	1	0	12	0	0	0	0	0	8	0	0	1	0	0	0	0	0	0	0	0	47	193	0	0	0	2	0	0
fsh-generated/resources/StructureDefinition-mii-ex-studie-backport-definitionReference.json	1809	2	0	11	0	0	0	0	0	8	0	0	0	0	0	0	0	0	0	0	0	49	268	0	0	0	1	0	0
fsh-generated/resources/StructureDefinition-mii-ex-studie-backport-label.json	2596	1	0	19	0	0	0	0	0	16	0	0	0	0	0	0	0	0	0	0	1	68	328	0	0	0	3	0	1
fsh-generated/resources/StructureDefinition-mii-ex-studie-backport-linkId.json	1489	2	0	9	0	0	0	0	0	7	0	0	0	0	0	0	0	0	0	0	0	39	244	0	0	0	2	0	0
fsh-generated/resources/StructureDefinition-mii-ex-studie-eligibility.json	1564	1	0	10	0	0	0	0	0	7	0	0	1	0	0	0	0	0	0	0	0	41	201	0	0	0	1	0	0
fsh-generated/resources/StructureDefinition-mii-ex-studie-ethikvotum.json	3380	2	0	21	0	0	0	0	0	17	0	0	0	0	0	0	0	1	0	0	0	85	291	0	0	0	4	0	0
fsh-generated/resources/StructureDefinition-mii-ex-studie-finanzierung.json	1384	1	0	9	0	0	0	0	0	7	0	0	0	0	0	0	0	0	0	0	1	30	227	0	0	0	2	0	0
fsh-generated/resources/StructureDefinition-mii-ex-studie-quell-register.json	1389	1	0	9	0	0	0	0	0	7	0	0	0	0	0	0	0	0	0	0	0	31	228	0	0	0	1	0	0
fsh-generated/resources/StructureDefinition-mii-ex-studie-rekrutierung.json	5030	3	0	27	0	0	0	0	0	24	0	0	1	0	0	0	0	0	0	0	0	124	412	0	0	0	6	0	0
fsh-generated/resources/StructureDefinition-mii-ex-studie-studienregister.json	1512	1	0	11	0	0	0	0	0	8	0	0	0	0	0	0	0	0	0	0	0	34	224	0	0	0	2	0	1
fsh-generated/resources/StructureDefinition-mii-lm-studie-logicalmodel.json	75991	16	0	188	0	0	0	0	0	110	0	0	2	0	0	0	0	2	0	0	11	368	1780	0	0	0	18	0	1
fsh-generated/resources/StructureDefinition-mii-pr-studie-beteiligte-person.json	11264	2	0	38	0	0	0	0	0	19	0	0	0	0	0	0	0	1	0	0	1	81	483	0	0	0	5	1	1
fsh-generated/resources/StructureDefinition-mii-pr-studie-dokument.json	13859	4	0	58	0	0	0	0	0	31	0	0	1	0	0	0	0	0	0	0	0	139	598	0	0	0	9	0	1
fsh-generated/resources/StructureDefinition-mii-pr-studie-ein-auschluss-kriterium.json	12364	4	0	58	0	0	0	0	0	35	0	0	0	0	0	0	0	1	0	0	1	146	593	0	0	0	11	0	0
fsh-generated/resources/StructureDefinition-mii-pr-studie-proband.json	17137	5	0	37	0	0	0	0	0	35	0	0	0	0	0	0	0	0	0	0	1	130	515	0	0	0	10	0	1
fsh-generated/resources/StructureDefinition-mii-pr-studie-register.json	13668	5	0	52	1	0	0	0	0	30	0	0	1	0	0	0	0	1	0	0	0	139	601	0	0	0	10	0	0
fsh-generated/resources/StructureDefinition-mii-pr-studie-studie.json	40262	12	0	104	0	0	0	0	0	40	0	0	0	0	0	0	0	0	0	0	2	199	715	0	1	0	18	0	1
fsh-generated/resources/StructureDefinition-mii-pr-studie-studieneinschluss-anfrage.json	16380	5	0	44	0	0	0	0	1	30	0	0	0	0	0	0	0	1	0	0	0	147	580	0	0	0	11	0	1
fsh-generated/resources/ValueSet-associated-party-role-vs.json	496	1	0	0	0	0	0	0	0	585	0	0	0	0	0	0	0	0	0	0	6	8	138	0	0	0	1	0	0
fsh-generated/resources/ValueSet-research-study-category-vs.json	496	1	0	0	0	0	0	0	0	3	0	0	0	0	0	0	0	0	0	0	5	6	91	0	0	0	0	0	0
input/resources/Parameters-expansion-manifest.json	511	1	0	0	0	0	0	0	1	0	0	0	0	0	0	0	0	0	0	0	4	16	2194	0	0	0	0	0	0
/input/includes/menu.xml	3400	-	-	-	0	0	0	0	0	0	0	0	0	0	0	0	0	0	0	0	0	0	1	0	0	0	0	0	0
/fsh-generated/includes/fsh-link-references.md	5039	-	-	-	0	0	0	0	0	0	0	0	0	0	0	0	0	0	0	0	0	0	0	0	0	0	0	0	0
/input/intro-notes/StructureDefinition-mii-pr-studie-register-intro.md	1746	-	-	-	0	0	0	0	0	0	0	0	0	0	0	0	0	0	0	0	0	0	1	0	0	0	0	0	0
/input/intro-notes/StructureDefinition-mii-pr-studie-studieneinschluss-anfrage-intro.md	734	-	-	-	0	0	0	0	0	0	0	0	0	0	0	0	0	0	0	0	0	0	0	0	0	0	0	0	0
/input/intro-notes/StructureDefinition-mii-pr-studie-beteiligte-person-intro.md	2331	-	-	-	0	0	0	0	0	0	0	0	0	0	0	0	0	0	0	0	0	0	0	0	0	0	0	0	0
/input/intro-notes/StructureDefinition-mii-pr-studie-studie-intro.md	4500	-	-	-	0	0	0	0	0	0	0	0	0	0	0	0	0	0	0	0	0	0	1	0	0	0	0	0	0
/input/intro-notes/StructureDefinition-mii-pr-studie-proband-intro.md	2416	-	-	-	0	0	0	0	0	0	0	0	0	0	0	0	0	0	0	0	0	0	0	0	0	0	0	0	0
/input/intro-notes/StructureDefinition-mii-pr-studie-ein-auschluss-kriterium-intro.md	2916	-	-	-	0	0	0	0	0	0	0	0	0	0	0	0	0	0	0	0	0	0	0	0	0	0	0	0	0
/input/intro-notes/StructureDefinition-mii-pr-studie-dokument-intro.md	3027	-	-	-	0	0	0	0	0	0	0	0	0	0	0	0	0	0	0	0	0	0	1	0	0	0	0	0	0
/input/pagecontent/logical-models.md	1522	-	-	-	0	0	0	0	0	0	0	0	0	0	0	0	0	0	0	0	0	0	0	0	0	0	0	0	0
/input/pagecontent/examples.md	127	-	-	-	0	0	0	0	0	0	0	0	0	0	0	0	0	0	0	0	0	0	0	0	0	0	0	0	0
/input/pagecontent/changes.md	4786	-	-	-	0	0	0	0	0	0	0	0	0	0	0	0	0	0	0	0	0	0	1	0	0	0	0	0	0
/input/pagecontent/guidance.md	2518	-	-	-	0	0	0	0	0	0	0	0	0	0	0	0	0	0	0	0	0	0	0	0	0	0	0	0	0
/input/pagecontent/code-systems.md	1079	-	-	-	0	0	0	0	0	0	0	0	0	0	0	0	0	0	0	0	0	0	0	0	0	0	0	0	0
/input/pagecontent/profiles.md	4114	-	-	-	0	0	0	0	0	0	0	0	0	0	0	0	0	0	0	0	0	0	1	0	0	0	0	0	0
/input/pagecontent/search-parameters.md	22782	-	-	-	0	0	0	0	0	0	0	0	0	0	0	0	0	0	0	0	0	0	2	0	0	0	0	0	0
/input/pagecontent/index.md	10691	-	-	-	0	0	0	0	0	0	0	0	0	0	0	0	0	0	0	0	0	0	1	0	0	0	0	0	0
/input/pagecontent/value-sets.md	1531	-	-	-	0	0	0	0	0	0	0	0	0	0	0	0	0	0	0	0	0	0	0	0	0	0	0	0	0
/input/pagecontent/translationinfo.md	472	-	-	-	0	0	0	0	0	0	0	0	0	0	0	0	0	0	0	0	0	0	1	0	0	0	0	0	0
/input/pagecontent/extensions.md	527	-	-	-	0	0	0	0	0	0	0	0	0	0	0	0	0	0	0	0	0	0	0	0	0	0	0	0	0
/input/pagecontent/downloads.md	2791	-	-	-	0	0	0	0	0	0	0	0	0	0	0	0	0	0	0	0	0	0	0	0	0	0	0	0	0
/input/pagecontent/security-and-privacy.md	2891	-	-	-	0	0	0	0	0	0	0	0	0	0	0	0	0	0	0	0	0	0	0	0	0	0	0	0	0
/input/pagecontent/metadata.md	20981	-	-	-	0	0	0	0	0	0	0	0	0	0	0	0	0	0	0	0	0	0	1	0	0	0	0	0	0
/input/pagecontent/implementer-guidance.md	2781	-	-	-	0	0	0	0	0	0	0	0	0	0	0	0	0	0	0	0	0	0	0	0	0	0	0	0	0
/input/pagecontent/version-history.md	4624	-	-	-	0	0	0	0	0	0	0	0	0	0	0	0	0	0	0	0	0	0	1	0	0	0	0	0	0
/input/pagecontent/uml-diagrams.md	628	-	-	-	0	0	0	0	0	0	0	0	0	0	0	0	0	0	0	0	0	0	0	0	0	0	0	0	0
/input/pagecontent/ImplementationGuide-mii-ig-studie.md	3341	-	-	-	0	0	0	0	0	0	0	0	0	0	0	0	0	0	0	0	0	0	0	0	0	0	0	0	0
/input/pagecontent/capability-statements.md	1745	-	-	-	0	0	0	0	0	0	0	0	0	0	0	0	0	0	0	0	0	0	0	0	0	0	0	0	0
/input/intro-notes	0	-	-	-	0	0	0	0	0	0	0	0	0	0	0	0	0	0	0	0	0	0	0	0	0	0	0	0	0
/input/intro-notes/StructureDefinition-mii-pr-studie-register-intro.md	1746	-	-	-	0	0	0	0	0	0	0	0	0	0	0	0	0	0	0	0	0	0	1	0	0	0	0	0	0
/input/intro-notes/StructureDefinition-mii-pr-studie-studieneinschluss-anfrage-intro.md	734	-	-	-	0	0	0	0	0	0	0	0	0	0	0	0	0	0	0	0	0	0	0	0	0	0	0	0	0
/input/intro-notes/StructureDefinition-mii-pr-studie-beteiligte-person-intro.md	2331	-	-	-	0	0	0	0	0	0	0	0	0	0	0	0	0	0	0	0	0	0	0	0	0	0	0	0	0
/input/intro-notes/StructureDefinition-mii-pr-studie-studie-intro.md	4500	-	-	-	0	0	0	0	0	0	0	0	0	0	0	0	0	0	0	0	0	0	0	0	0	0	0	0	0
/input/intro-notes/StructureDefinition-mii-pr-studie-proband-intro.md	2416	-	-	-	0	0	0	0	0	0	0	0	0	0	0	0	0	0	0	0	0	0	0	0	0	0	0	0	0
/input/intro-notes/StructureDefinition-mii-pr-studie-ein-auschluss-kriterium-intro.md	2916	-	-	-	0	0	0	0	0	0	0	0	0	0	0	0	0	0	0	0	0	0	1	0	0	0	0	0	0
/input/intro-notes/StructureDefinition-mii-pr-studie-dokument-intro.md	3027	-	-	-	0	0	0	0	0	0	0	0	0	0	0	0	0	0	0	0	0	0	0	0	0	0	0	0	0
/template/config	0	-	-	-	0	0	0	0	0	0	0	0	0	0	0	0	0	0	0	0	0	0	0	0	0	0	0	0	0
/template/config/_config.yml	140	-	-	-	0	0	0	0	0	0	0	0	0	0	0	0	0	0	0	0	0	0	0	0	0	0	0	0	0
/input/images	0	-	-	-	0	0	0	0	0	0	0	0	0	0	0	0	0	0	0	0	0	0	0	0	0	0	0	0	0
/input/images/UML_Forschungsvorhaben_2026.png	368541	-	-	-	0	0	0	0	0	0	0	0	0	0	0	0	0	0	0	0	0	0	1	0	0	0	0	0	0
/input/images/Warning.jpg	20392	-	-	-	0	0	0	0	0	0	0	0	0	0	0	0	0	0	0	0	0	0	0	0	0	0	0	0	0
/temp/pages/_includes/artifacts.xml	37493	-	-	-	-	-	-	-	-	-	-	-	-	-	-	-	-	-	-	-	-	-	1	0	0	0	0	0	0
