"Id","Path","Slice Name","Alias(s)","Label","Min","Max","Must Support?","Is Modifier?","Is Summary?","Type(s)","Short","Definition","Comments","Requirements","Default Value","Meaning When Missing","Fixed Value","Pattern","Example","Minimum Value","Maximum Value","Maximum Length","Binding Strength","Binding Description","Binding Value Set","Code","Slicing Discriminator","Slicing Description","Slicing Ordered","Slicing Rules","Base Path","Base Min","Base Max","Condition(s)","Constraint(s)","Mapping: Workflow Pattern","Mapping: FiveWs Pattern Mapping","Mapping: Object Implementation Information"
"EvidenceVariable","EvidenceVariable","","","",0,*,"","","","null {[]} {[]}
","A population, intervention, or exposure definition","The EvidenceVariable resource describes a ""PICO"" element that knowledge (evidence, assertion, recommendation) is about.","PICO stands for Population (the population within which exposures are being compared), Intervention (the conditional state or exposure state being described for its effect on outcomes), Comparison (the alternative conditional state or alternative exposure state being compared against), and Outcome (the result or effect of the intervention in the population).","","","","","","","","",,,,,"",,,,"EvidenceVariable",0,*,"","dom-2:If the resource is contained in another resource, it SHALL NOT contain nested Resources {contained.contained.empty()}
dom-3:If the resource is contained in another resource, it SHALL be referred to from elsewhere in the resource or SHALL refer to the containing resource {contained.where((('#'+id in (%resource.descendants().reference | %resource.descendants().as(canonical) | %resource.descendants().as(uri) | %resource.descendants().as(url))) or descendants().where(reference = '#').exists() or descendants().where(as(canonical) = '#').exists() or descendants().where(as(canonical) = '#').exists()).not()).trace('unmatched', id).empty()}dom-4:If a resource is contained in another resource, it SHALL NOT have a meta.versionId or a meta.lastUpdated {contained.meta.versionId.empty() and contained.meta.lastUpdated.empty()}dom-5:If a resource is contained in another resource, it SHALL NOT have a security label {contained.meta.security.empty()}dom-6:A resource should have narrative for robust management {text.`div`.exists()}evv-0:Name should be usable as an identifier for the module by machine processing applications such as code generation {name.matches('[A-Z]([A-Za-z0-9_]){0,254}')}","Definition"
"EvidenceVariable.id","EvidenceVariable.id","","","",0,1,"","","Y","id {[]} {[]}
","Logical id of this artifact","The logical id of the resource, as used in the URL for the resource. Once assigned, this value never changes.","The only time that a resource does not have an id is when it is being submitted to the server using a create operation.","","","","","","","","",,,,,"",,,,"Resource.id",0,1,"",""
"EvidenceVariable.meta","EvidenceVariable.meta","","","",0,1,"","","Y","Meta {[]} {[]}
","Metadata about the resource","The metadata about the resource. This is content that is maintained by the infrastructure. Changes to the content might not always be associated with version changes to the resource.","","","","","","","","","",,,,,"",,,,"Resource.meta",0,1,"","ele-1:All FHIR elements must have a @value or children {hasValue() or (children().count() > id.count())}
"
"EvidenceVariable.implicitRules","EvidenceVariable.implicitRules","","","",0,1,"","Y","Y","uri {[]} {[]}
","A set of rules under which this content was created","A reference to a set of rules that were followed when the resource was constructed, and which must be understood when processing the content. Often, this is a reference to an implementation guide that defines the special rules along with other profiles etc.","Asserting this rule set restricts the content to be only understood by a limited set of trading partners. This inherently limits the usefulness of the data in the long term. However, the existing health eco-system is highly fractured, and not yet ready to define, collect, and exchange data in a generally computable sense. Wherever possible, implementers and/or specification writers should avoid using this element. Often, when used, the URL is a reference to an implementation guide that defines these special rules as part of it's narrative along with other profiles, value sets, etc.","","","","","","","","",,,,,"",,,,"Resource.implicitRules",0,1,"","ele-1:All FHIR elements must have a @value or children {hasValue() or (children().count() > id.count())}
"
"EvidenceVariable.language","EvidenceVariable.language","","","",0,1,"","","","code {[]} {[]}
","Language of the resource content","The base language in which the resource is written.","Language is provided to support indexing and accessibility (typically, services such as text to speech use the language tag). The html language tag in the narrative applies  to the narrative. The language tag on the resource may be used to specify the language of other presentations generated from the data in the resource. Not all the content has to be in the base language. The Resource.language should not be assumed to apply to the narrative automatically. If a language is specified, it should it also be specified on the div element in the html (see rules in HTML5 for information about the relationship between xml:lang and the html lang attribute).","","","","","","","","",,"preferred","A human language.","http://hl7.org/fhir/ValueSet/languages|4.0.1","",,,,"Resource.language",0,1,"","ele-1:All FHIR elements must have a @value or children {hasValue() or (children().count() > id.count())}
"
"EvidenceVariable.text","EvidenceVariable.text","","narrative
htmlxhtmldisplay","",0,1,"","","","Narrative {[]} {[]}
","Text summary of the resource, for human interpretation","A human-readable narrative that contains a summary of the resource and can be used to represent the content of the resource to a human. The narrative need not encode all the structured data, but is required to contain sufficient detail to make it ""clinically safe"" for a human to just read the narrative. Resource definitions may define what content should be represented in the narrative to ensure clinical safety.","Contained resources do not have narrative. Resources that are not contained SHOULD have a narrative. In some cases, a resource may only have text with little or no additional discrete data (as long as all minOccurs=1 elements are satisfied).  This may be necessary for data from legacy systems where information is captured as a ""text blob"" or where text is additionally entered raw or narrated and encoded information is added later.","","","","","","","","",,,,,"",,,,"DomainResource.text",0,1,"","ele-1:All FHIR elements must have a @value or children {hasValue() or (children().count() > id.count())}
"
"EvidenceVariable.contained","EvidenceVariable.contained","","inline resources
anonymous resourcescontained resources","",0,*,"","","","Resource {[]} {[]}
","Contained, inline Resources","These resources do not have an independent existence apart from the resource that contains them - they cannot be identified independently, and nor can they have their own independent transaction scope.","This should never be done when the content can be identified properly, as once identification is lost, it is extremely difficult (and context dependent) to restore it again. Contained resources may have profiles and tags In their meta elements, but SHALL NOT have security labels.","","","","","","","","",,,,,"",,,,"DomainResource.contained",0,*,"",""
"EvidenceVariable.extension","EvidenceVariable.extension","","extensions
user content","",0,*,"","","","Extension {[]} {[]}
","Additional content defined by implementations","May be used to represent additional information that is not part of the basic definition of the resource. To make the use of extensions safe and manageable, there is a strict set of governance  applied to the definition and use of extensions. Though any implementer can define an extension, there is a set of requirements that SHALL be met as part of the definition of the extension.","There can be no stigma associated with the use of extensions by any application, project, or standard - regardless of the institution or jurisdiction that uses or defines the extensions.  The use of extensions is what allows the FHIR specification to retain a core level of simplicity for everyone.","","","","","","","","",,,,,"",,,,"DomainResource.extension",0,*,"","ele-1:All FHIR elements must have a @value or children {hasValue() or (children().count() > id.count())}
ext-1:Must have either extensions or value[x], not both {extension.exists() != value.exists()}"
"EvidenceVariable.modifierExtension","EvidenceVariable.modifierExtension","","extensions
user content","",0,*,"","Y","","Extension {[]} {[]}
","Extensions that cannot be ignored","May be used to represent additional information that is not part of the basic definition of the resource and that modifies the understanding of the element that contains it and/or the understanding of the containing element's descendants. Usually modifier elements provide negation or qualification. To make the use of extensions safe and manageable, there is a strict set of governance applied to the definition and use of extensions. Though any implementer is allowed to define an extension, there is a set of requirements that SHALL be met as part of the definition of the extension. Applications processing a resource are required to check for modifier extensions.

Modifier extensions SHALL NOT change the meaning of any elements on Resource or DomainResource (including cannot change the meaning of modifierExtension itself).","There can be no stigma associated with the use of extensions by any application, project, or standard - regardless of the institution or jurisdiction that uses or defines the extensions.  The use of extensions is what allows the FHIR specification to retain a core level of simplicity for everyone.","Modifier extensions allow for extensions that *cannot* be safely ignored to be clearly distinguished from the vast majority of extensions which can be safely ignored.  This promotes interoperability by eliminating the need for implementers to prohibit the presence of extensions. For further information, see the [definition of modifier extensions](http://hl7.org/fhir/R4/extensibility.html#modifierExtension).","","","","","","","",,,,,"",,,,"DomainResource.modifierExtension",0,*,"","ele-1:All FHIR elements must have a @value or children {hasValue() or (children().count() > id.count())}
ext-1:Must have either extensions or value[x], not both {extension.exists() != value.exists()}"
"EvidenceVariable.url","EvidenceVariable.url","","","",0,1,"","","Y","uri {[]} {[]}
","Canonical identifier for this evidence variable, represented as a URI (globally unique)","An absolute URI that is used to identify this evidence variable when it is referenced in a specification, model, design or an instance; also called its canonical identifier. This SHOULD be globally unique and SHOULD be a literal address at which at which an authoritative instance of this evidence variable is (or will be) published. This URL can be the target of a canonical reference. It SHALL remain the same when the evidence variable is stored on different servers.","Can be a urn:uuid: or a urn:oid: but real http: addresses are preferred.  Multiple instances may share the same URL if they have a distinct version.

The determination of when to create a new version of a resource (same url, new version) vs. defining a new artifact is up to the author.  Considerations for making this decision are found in [Technical and Business Versions](http://hl7.org/fhir/R4/resource.html#versions). 

In some cases, the resource can no longer be found at the stated url, but the url itself cannot change. Implementations can use the [meta.source](http://hl7.org/fhir/R4/resource.html#meta) element to indicate where the current master source of the resource can be found.","Allows the evidence variable to be referenced by a single globally unique identifier.","","","","","","","",,,,,"",,,,"EvidenceVariable.url",0,1,"","ele-1:All FHIR elements must have a @value or children {hasValue() or (children().count() > id.count())}
","Definition.url","FiveWs.identifier"
"EvidenceVariable.identifier","EvidenceVariable.identifier","","","",0,*,"","","Y","Identifier {[]} {[]}
","Additional identifier for the evidence variable","A formal identifier that is used to identify this evidence variable when it is represented in other formats, or referenced in a specification, model, design or an instance.","Typically, this is used for identifiers that can go in an HL7 V3 II (instance identifier) data type, and can then identify this evidence variable outside of FHIR, where it is not possible to use the logical URI.","Allows externally provided and/or usable business identifiers to be easily associated with the module.","","","","","","","",,,,,"",,,,"EvidenceVariable.identifier",0,*,"","ele-1:All FHIR elements must have a @value or children {hasValue() or (children().count() > id.count())}
","Definition.identifier","FiveWs.identifier","no-gen-base"
"EvidenceVariable.version","EvidenceVariable.version","","","",0,1,"","","Y","string {[]} {[]}
","Business version of the evidence variable","The identifier that is used to identify this version of the evidence variable when it is referenced in a specification, model, design or instance. This is an arbitrary value managed by the evidence variable author and is not expected to be globally unique. For example, it might be a timestamp (e.g. yyyymmdd) if a managed version is not available. There is also no expectation that versions can be placed in a lexicographical sequence. To provide a version consistent with the Decision Support Service specification, use the format Major.Minor.Revision (e.g. 1.0.0). For more information on versioning knowledge assets, refer to the Decision Support Service specification. Note that a version is required for non-experimental active artifacts.","There may be different evidence variable instances that have the same identifier but different versions.  The version can be appended to the url in a reference to allow a reference to a particular business version of the evidence variable with the format [url]|[version].","","","","","","","","",,,,,"",,,,"EvidenceVariable.version",0,1,"","ele-1:All FHIR elements must have a @value or children {hasValue() or (children().count() > id.count())}
","Definition.version","FiveWs.version"
"EvidenceVariable.name","EvidenceVariable.name","","","",0,1,"","","Y","string {[]} {[]}
","Name for this evidence variable (computer friendly)","A natural language name identifying the evidence variable. This name should be usable as an identifier for the module by machine processing applications such as code generation.","The name is not expected to be globally unique. The name should be a simple alphanumeric type name to ensure that it is machine-processing friendly.","Support human navigation and code generation.","","","","","","","",,,,,"",,,,"EvidenceVariable.name",0,1,"inv-0
","ele-1:All FHIR elements must have a @value or children {hasValue() or (children().count() > id.count())}
"
"EvidenceVariable.title","EvidenceVariable.title","","","",0,1,"","","Y","string {[]} {[]}
","Name for this evidence variable (human friendly)","A short, descriptive, user-friendly title for the evidence variable.","This name does not need to be machine-processing friendly and may contain punctuation, white-space, etc.","","","","","","","","",,,,,"",,,,"EvidenceVariable.title",0,1,"","ele-1:All FHIR elements must have a @value or children {hasValue() or (children().count() > id.count())}
","Definition.title"
"EvidenceVariable.shortTitle","EvidenceVariable.shortTitle","","","",0,1,"","","Y","string {[]} {[]}
","Title for use in informal contexts","The short title provides an alternate title for use in informal descriptive contexts where the full, formal title is not necessary.","","Need to be able to reference the content by a short description, but still provide a longer, more formal title for the content.","","","","","","","",,,,,"",,,,"EvidenceVariable.shortTitle",0,1,"","ele-1:All FHIR elements must have a @value or children {hasValue() or (children().count() > id.count())}
"
"EvidenceVariable.subtitle","EvidenceVariable.subtitle","","","",0,1,"","","","string {[]} {[]}
","Subordinate title of the EvidenceVariable","An explanatory or alternate title for the EvidenceVariable giving additional information about its content.","","","","","","","","","",,,,,"",,,,"EvidenceVariable.subtitle",0,1,"","ele-1:All FHIR elements must have a @value or children {hasValue() or (children().count() > id.count())}
"
"EvidenceVariable.status","EvidenceVariable.status","","","",1,1,"Y","Y","Y","code {[]} {[]}
","Status","Der Status dieser EvidenceVariable. Ermöglicht die Verfolgung des Lebenszyklus des Inhalts.","Allows filtering of evidence variables that are appropriate for use versus not.","","","","","","","","",,"required","The lifecycle status of an artifact.","http://hl7.org/fhir/ValueSet/publication-status|4.0.1","",,,,"EvidenceVariable.status",1,1,"","ele-1:All FHIR elements must have a @value or children {hasValue() or (children().count() > id.count())}
","Definition.status","FiveWs.status"
"EvidenceVariable.date","EvidenceVariable.date","","Revision Date
","",0,1,"","","Y","dateTime {[]} {[]}
","Date last changed","The date  (and optionally time) when the evidence variable was published. The date must change when the business version changes and it must change if the status code changes. In addition, it should change when the substantive content of the evidence variable changes.","Note that this is not the same as the resource last-modified-date, since the resource may be a secondary representation of the evidence variable. Additional specific dates may be added as extensions or be found by consulting Provenances associated with past versions of the resource.","","","","","","","","",,,,,"",,,,"EvidenceVariable.date",0,1,"","ele-1:All FHIR elements must have a @value or children {hasValue() or (children().count() > id.count())}
","Definition.date","FiveWs.recorded"
"EvidenceVariable.publisher","EvidenceVariable.publisher","","","",0,1,"","","Y","string {[]} {[]}
","Name of the publisher (organization or individual)","The name of the organization or individual that published the evidence variable.","Usually an organization but may be an individual. The publisher (or steward) of the evidence variable is the organization or individual primarily responsible for the maintenance and upkeep of the evidence variable. This is not necessarily the same individual or organization that developed and initially authored the content. The publisher is the primary point of contact for questions or issues with the evidence variable. This item SHOULD be populated unless the information is available from context.","Helps establish the ""authority/credibility"" of the evidence variable.  May also allow for contact.","","","","","","","",,,,,"",,,,"EvidenceVariable.publisher",0,1,"","ele-1:All FHIR elements must have a @value or children {hasValue() or (children().count() > id.count())}
","Definition.publisher","FiveWs.witness"
"EvidenceVariable.contact","EvidenceVariable.contact","","","",0,*,"","","Y","ContactDetail {[]} {[]}
","Contact details for the publisher","Contact details to assist a user in finding and communicating with the publisher.","May be a web site, an email address, a telephone number, etc.","","","","","","","","",,,,,"",,,,"EvidenceVariable.contact",0,*,"","ele-1:All FHIR elements must have a @value or children {hasValue() or (children().count() > id.count())}
","Definition.contact"
"EvidenceVariable.description","EvidenceVariable.description","","","",0,1,"","","Y","markdown {[]} {[]}
","Natural language description of the evidence variable","A free text natural language description of the evidence variable from a consumer's perspective.","This description can be used to capture details such as why the evidence variable was built, comments about misuse, instructions for clinical use and interpretation, literature references, examples from the paper world, etc. It is not a rendering of the evidence variable as conveyed in the 'text' field of the resource itself. This item SHOULD be populated unless the information is available from context (e.g. the language of the evidence variable is presumed to be the predominant language in the place the evidence variable was created).","","","","","","","","",,,,,"",,,,"EvidenceVariable.description",0,1,"","ele-1:All FHIR elements must have a @value or children {hasValue() or (children().count() > id.count())}
","Definition.description"
"EvidenceVariable.note","EvidenceVariable.note","","","",0,*,"","","","Annotation {[]} {[]}
","Used for footnotes or explanatory notes","A human-readable string to clarify or explain concepts about the resource.","","","","","","","","","",,,,,"",,,,"EvidenceVariable.note",0,*,"","ele-1:All FHIR elements must have a @value or children {hasValue() or (children().count() > id.count())}
"
"EvidenceVariable.useContext","EvidenceVariable.useContext","","","",0,*,"","","Y","UsageContext {[]} {[]}
","The context that the content is intended to support","The content was developed with a focus and intent of supporting the contexts that are listed. These contexts may be general categories (gender, age, ...) or may be references to specific programs (insurance plans, studies, ...) and may be used to assist with indexing and searching for appropriate evidence variable instances.","When multiple useContexts are specified, there is no expectation that all or any of the contexts apply.","Assist in searching for appropriate content.","","","","","","","",,,,,"",,,,"EvidenceVariable.useContext",0,*,"","ele-1:All FHIR elements must have a @value or children {hasValue() or (children().count() > id.count())}
","Definition.useContext"
"EvidenceVariable.jurisdiction","EvidenceVariable.jurisdiction","","","",0,*,"","","Y","CodeableConcept {[]} {[]}
","Intended jurisdiction for evidence variable (if applicable)","A legal or geographic region in which the evidence variable is intended to be used.","It may be possible for the evidence variable to be used in jurisdictions other than those for which it was originally designed or intended.","","","","","","","","",,"extensible","Countries and regions within which this artifact is targeted for use.","http://hl7.org/fhir/ValueSet/jurisdiction|4.0.1","",,,,"EvidenceVariable.jurisdiction",0,*,"","ele-1:All FHIR elements must have a @value or children {hasValue() or (children().count() > id.count())}
","Definition.jurisdiction"
"EvidenceVariable.copyright","EvidenceVariable.copyright","","License
Restrictions","",0,1,"","","","markdown {[]} {[]}
","Use and/or publishing restrictions","A copyright statement relating to the evidence variable and/or its contents. Copyright statements are generally legal restrictions on the use and publishing of the evidence variable.","","Consumers must be able to determine any legal restrictions on the use of the evidence variable and/or its content.","","","","","","","",,,,,"",,,,"EvidenceVariable.copyright",0,1,"","ele-1:All FHIR elements must have a @value or children {hasValue() or (children().count() > id.count())}
","Definition.copyright","no-gen-base"
"EvidenceVariable.approvalDate","EvidenceVariable.approvalDate","","","",0,1,"","","","date {[]} {[]}
","When the evidence variable was approved by publisher","The date on which the resource content was approved by the publisher. Approval happens once when the content is officially approved for usage.","The 'date' element may be more recent than the approval date because of minor changes or editorial corrections.","","","","","","","","",,,,,"",,,,"EvidenceVariable.approvalDate",0,1,"","ele-1:All FHIR elements must have a @value or children {hasValue() or (children().count() > id.count())}
","Definition.approvalDate","no-gen-base"
"EvidenceVariable.lastReviewDate","EvidenceVariable.lastReviewDate","","","",0,1,"","","","date {[]} {[]}
","When the evidence variable was last reviewed","The date on which the resource content was last reviewed. Review happens periodically after approval but does not change the original approval date.","If specified, this date follows the original approval date.","Gives a sense of how ""current"" the content is.  Resources that have not been reviewed in a long time may have a risk of being less appropriate/relevant.","","","","","","","",,,,,"",,,,"EvidenceVariable.lastReviewDate",0,1,"","ele-1:All FHIR elements must have a @value or children {hasValue() or (children().count() > id.count())}
","Definition.lastReviewDate","no-gen-base"
"EvidenceVariable.effectivePeriod","EvidenceVariable.effectivePeriod","","","",0,1,"","","Y","Period {[]} {[]}
","When the evidence variable is expected to be used","The period during which the evidence variable content was or is planned to be in active use.","The effective period for a evidence variable  determines when the content is applicable for usage and is independent of publication and review dates. For example, a measure intended to be used for the year 2016 might be published in 2015.","Allows establishing a transition before a resource comes into effect and also allows for a sunsetting  process when new versions of the evidence variable are or are expected to be used instead.","","","","","","","",,,,,"",,,,"EvidenceVariable.effectivePeriod",0,1,"","ele-1:All FHIR elements must have a @value or children {hasValue() or (children().count() > id.count())}
","Definition.effectivePeriod","no-gen-base"
"EvidenceVariable.topic","EvidenceVariable.topic","","","",0,*,"","","","CodeableConcept {[]} {[]}
","The category of the EvidenceVariable, such as Education, Treatment, Assessment, etc.","Descriptive topics related to the content of the EvidenceVariable. Topics provide a high-level categorization grouping types of EvidenceVariables that can be useful for filtering and searching.","","Repositories must be able to determine how to categorize the EvidenceVariable so that it can be found by topical searches.","","","","","","","",,"example","High-level categorization of the definition, used for searching, sorting, and filtering.","http://hl7.org/fhir/ValueSet/definition-topic|4.0.1","",,,,"EvidenceVariable.topic",0,*,"","ele-1:All FHIR elements must have a @value or children {hasValue() or (children().count() > id.count())}
"
"EvidenceVariable.author","EvidenceVariable.author","","","",0,*,"","","","ContactDetail {[]} {[]}
","Who authored the content","An individiual or organization primarily involved in the creation and maintenance of the content.","","","","","","","","","",,,,,"",,,,"EvidenceVariable.author",0,*,"","ele-1:All FHIR elements must have a @value or children {hasValue() or (children().count() > id.count())}
"
"EvidenceVariable.editor","EvidenceVariable.editor","","","",0,*,"","","","ContactDetail {[]} {[]}
","Who edited the content","An individual or organization primarily responsible for internal coherence of the content.","","","","","","","","","",,,,,"",,,,"EvidenceVariable.editor",0,*,"","ele-1:All FHIR elements must have a @value or children {hasValue() or (children().count() > id.count())}
"
"EvidenceVariable.reviewer","EvidenceVariable.reviewer","","","",0,*,"","","","ContactDetail {[]} {[]}
","Who reviewed the content","An individual or organization primarily responsible for review of some aspect of the content.","","","","","","","","","",,,,,"",,,,"EvidenceVariable.reviewer",0,*,"","ele-1:All FHIR elements must have a @value or children {hasValue() or (children().count() > id.count())}
"
"EvidenceVariable.endorser","EvidenceVariable.endorser","","","",0,*,"","","","ContactDetail {[]} {[]}
","Who endorsed the content","An individual or organization responsible for officially endorsing the content for use in some setting.","","","","","","","","","",,,,,"",,,,"EvidenceVariable.endorser",0,*,"","ele-1:All FHIR elements must have a @value or children {hasValue() or (children().count() > id.count())}
"
"EvidenceVariable.relatedArtifact","EvidenceVariable.relatedArtifact","","","",0,*,"","","","RelatedArtifact {[]} {[]}
","Additional documentation, citations, etc.","Related artifacts such as additional documentation, justification, or bibliographic references.","Each related artifact is either an attachment, or a reference to another resource, but not both.","EvidenceVariables must be able to provide enough information for consumers of the content (and/or interventions or results produced by the content) to be able to determine and understand the justification for and evidence in support of the content.","","","","","","","",,,,,"",,,,"EvidenceVariable.relatedArtifact",0,*,"","ele-1:All FHIR elements must have a @value or children {hasValue() or (children().count() > id.count())}
"
"EvidenceVariable.type","EvidenceVariable.type","","","",0,1,"","","Y","code {[]} {[]}
","dichotomous | continuous | descriptive","The type of evidence element, a population, an exposure, or an outcome.","","","","","","","","","",,"required","The possible types of variables for exposures or outcomes (E.g. Dichotomous, Continuous, Descriptive).","http://hl7.org/fhir/ValueSet/variable-type|4.0.1","",,,,"EvidenceVariable.type",0,1,"","ele-1:All FHIR elements must have a @value or children {hasValue() or (children().count() > id.count())}
"
"EvidenceVariable.characteristic","EvidenceVariable.characteristic","","","",1,*,"Y","","Y","BackboneElement {[]} {[]}
","Characteristic","Eine Eigenschaft, die die Mitglieder des Evidence-Elements definiert. Mehrere Eigenschaften werden mit einer “und”-Semantik angewendet.","Characteristics can be defined flexibly to accommodate different use cases for membership criteria, ranging from simple codes, all the way to using an expression language to express the criteria.","","","","","","","","",,,,,"",,,,"EvidenceVariable.characteristic",1,*,"","ele-1:All FHIR elements must have a @value or children {hasValue() or (children().count() > id.count())}
"
"EvidenceVariable.characteristic.id","EvidenceVariable.characteristic.id","","","",0,1,"","","","string {[]} {[]}
","Unique id for inter-element referencing","Unique id for the element within a resource (for internal references). This may be any string value that does not contain spaces.","","","","","","","","","",,,,,"",,,,"Element.id",0,1,"",""
"EvidenceVariable.characteristic.extension","EvidenceVariable.characteristic.extension","","","",0,*,"Y","","","Extension {[]} {[]}
","Extension","An Extension","","","","","","","","","",,,,,"","value:url}
","",,"open","Element.extension",0,*,"","ele-1:All FHIR elements must have a @value or children {hasValue() or (children().count() > id.count())}
ext-1:Must have either extensions or value[x], not both {extension.exists() != value.exists()}"
"EvidenceVariable.characteristic.extension:linkId","EvidenceVariable.characteristic.extension","linkId","","",0,1,"Y","","","Extension {[CanonicalType[http://hl7.org/fhir/5.0/StructureDefinition/extension-EvidenceVariable.characteristic.linkId]]} {[]}
","Extension","An Extension","","","","","","","","","",,,,,"",,,,"Element.extension",0,*,"ele-1
","ele-1:All FHIR elements must have a @value or children {hasValue() or (children().count() > id.count())}
ext-1:Must have either extensions or value[x], not both {extension.exists() != value.exists()}"
"EvidenceVariable.characteristic.extension:definitionReference","EvidenceVariable.characteristic.extension","definitionReference","","",0,1,"Y","","","Extension {[CanonicalType[http://hl7.org/fhir/5.0/StructureDefinition/extension-EvidenceVariable.characteristic.definitionReference]]} {[]}
","Extension","An Extension","","","","","","","","","",,,,,"",,,,"Element.extension",0,*,"ele-1
","ele-1:All FHIR elements must have a @value or children {hasValue() or (children().count() > id.count())}
ext-1:Must have either extensions or value[x], not both {extension.exists() != value.exists()}"
"EvidenceVariable.characteristic.extension:definitionCanonical","EvidenceVariable.characteristic.extension","definitionCanonical","","",0,1,"Y","","","Extension {[CanonicalType[http://hl7.org/fhir/5.0/StructureDefinition/extension-EvidenceVariable.characteristic.definitionCanonical]]} {[]}
","Extension","An Extension","","","","","","","","","",,,,,"",,,,"Element.extension",0,*,"ele-1
","ele-1:All FHIR elements must have a @value or children {hasValue() or (children().count() > id.count())}
ext-1:Must have either extensions or value[x], not both {extension.exists() != value.exists()}"
"EvidenceVariable.characteristic.extension:definitionByTypeAndValue","EvidenceVariable.characteristic.extension","definitionByTypeAndValue","","",0,1,"Y","","","Extension {[CanonicalType[http://hl7.org/fhir/5.0/StructureDefinition/extension-EvidenceVariable.characteristic.definitionByTypeAndValue]]} {[]}
","Extension","An Extension","","","","","","","","","",,,,,"",,,,"Element.extension",0,*,"ele-1
","ele-1:All FHIR elements must have a @value or children {hasValue() or (children().count() > id.count())}
ext-1:Must have either extensions or value[x], not both {extension.exists() != value.exists()}"
"EvidenceVariable.characteristic.extension:definitionByCombination","EvidenceVariable.characteristic.extension","definitionByCombination","","",0,1,"Y","","","Extension {[CanonicalType[http://hl7.org/fhir/5.0/StructureDefinition/extension-EvidenceVariable.characteristic.definitionByCombination]]} {[]}
","Extension","An Extension","","","","","","","","","",,,,,"",,,,"Element.extension",0,*,"ele-1
","ele-1:All FHIR elements must have a @value or children {hasValue() or (children().count() > id.count())}
ext-1:Must have either extensions or value[x], not both {extension.exists() != value.exists()}"
"EvidenceVariable.characteristic.modifierExtension","EvidenceVariable.characteristic.modifierExtension","","extensions
user contentmodifiers","",0,*,"","Y","Y","Extension {[]} {[]}
","Extensions that cannot be ignored even if unrecognized","May be used to represent additional information that is not part of the basic definition of the element and that modifies the understanding of the element in which it is contained and/or the understanding of the containing element's descendants. Usually modifier elements provide negation or qualification. To make the use of extensions safe and manageable, there is a strict set of governance applied to the definition and use of extensions. Though any implementer can define an extension, there is a set of requirements that SHALL be met as part of the definition of the extension. Applications processing a resource are required to check for modifier extensions.

Modifier extensions SHALL NOT change the meaning of any elements on Resource or DomainResource (including cannot change the meaning of modifierExtension itself).","There can be no stigma associated with the use of extensions by any application, project, or standard - regardless of the institution or jurisdiction that uses or defines the extensions.  The use of extensions is what allows the FHIR specification to retain a core level of simplicity for everyone.","Modifier extensions allow for extensions that *cannot* be safely ignored to be clearly distinguished from the vast majority of extensions which can be safely ignored.  This promotes interoperability by eliminating the need for implementers to prohibit the presence of extensions. For further information, see the [definition of modifier extensions](http://hl7.org/fhir/R4/extensibility.html#modifierExtension).","","","","","","","",,,,,"",,,,"BackboneElement.modifierExtension",0,*,"","ele-1:All FHIR elements must have a @value or children {hasValue() or (children().count() > id.count())}
ext-1:Must have either extensions or value[x], not both {extension.exists() != value.exists()}"
"EvidenceVariable.characteristic.description","EvidenceVariable.characteristic.description","","","",0,1,"Y","","","string {[]} {[]}
","Natural language description of the characteristic","A short, natural language description of the characteristic that could be used to communicate the criteria to an end-user.","","Need to be able to describe characteristics in natural language so that end users can understand the criteria.","","","","","","","",,,,,"",,,,"EvidenceVariable.characteristic.description",0,1,"","ele-1:All FHIR elements must have a @value or children {hasValue() or (children().count() > id.count())}
"
"EvidenceVariable.characteristic.definition[x]","EvidenceVariable.characteristic.definition[x]","","","",1,1,"Y","","Y","CodeableConcept {[]} {[]}
Expression {[]} {[]}","What code or expression defines members?","Define members of the evidence element using Codes (such as condition, medication, or observation), Expressions ( using an expression language such as FHIRPath or CQL) or DataRequirements (such as Diabetes diagnosis onset in the last year).","","Need to be able to define members in simple codes when the membership aligns well with terminology, with common criteria such as observations in a value set or lab tests within a year, or with expression language to support criteria that do not fit in the above.","","","","","","","",,,,,"","type:$this}
","",,"open","EvidenceVariable.characteristic.definition[x]",1,1,"","ele-1:All FHIR elements must have a @value or children {hasValue() or (children().count() > id.count())}
"
"EvidenceVariable.characteristic.definition[x]:definitionReference","EvidenceVariable.characteristic.definition[x]","definitionReference","","",0,0,"","","Y","Reference {[]} {[CanonicalType[http://hl7.org/fhir/StructureDefinition/Group]]}
","What code or expression defines members?","Define members of the evidence element using Codes (such as condition, medication, or observation), Expressions ( using an expression language such as FHIRPath or CQL) or DataRequirements (such as Diabetes diagnosis onset in the last year).","","Need to be able to define members in simple codes when the membership aligns well with terminology, with common criteria such as observations in a value set or lab tests within a year, or with expression language to support criteria that do not fit in the above.","","","","","","","",,,,,"",,,,"EvidenceVariable.characteristic.definition[x]",1,1,"","ele-1:All FHIR elements must have a @value or children {hasValue() or (children().count() > id.count())}
"
"EvidenceVariable.characteristic.definition[x]:definitionCanonical","EvidenceVariable.characteristic.definition[x]","definitionCanonical","","",0,0,"","","Y","canonical {[]} {[CanonicalType[http://hl7.org/fhir/StructureDefinition/ActivityDefinition]]}
","What code or expression defines members?","Define members of the evidence element using Codes (such as condition, medication, or observation), Expressions ( using an expression language such as FHIRPath or CQL) or DataRequirements (such as Diabetes diagnosis onset in the last year).","","Need to be able to define members in simple codes when the membership aligns well with terminology, with common criteria such as observations in a value set or lab tests within a year, or with expression language to support criteria that do not fit in the above.","","","","","","","",,,,,"",,,,"EvidenceVariable.characteristic.definition[x]",1,1,"","ele-1:All FHIR elements must have a @value or children {hasValue() or (children().count() > id.count())}
"
"EvidenceVariable.characteristic.definition[x]:definitionDataRequirement","EvidenceVariable.characteristic.definition[x]","definitionDataRequirement","","",0,0,"","","Y","DataRequirement {[]} {[]}
","What code or expression defines members?","Define members of the evidence element using Codes (such as condition, medication, or observation), Expressions ( using an expression language such as FHIRPath or CQL) or DataRequirements (such as Diabetes diagnosis onset in the last year).","","Need to be able to define members in simple codes when the membership aligns well with terminology, with common criteria such as observations in a value set or lab tests within a year, or with expression language to support criteria that do not fit in the above.","","","","","","","",,,,,"",,,,"EvidenceVariable.characteristic.definition[x]",1,1,"","ele-1:All FHIR elements must have a @value or children {hasValue() or (children().count() > id.count())}
"
"EvidenceVariable.characteristic.definition[x]:definitionTriggerDefinition","EvidenceVariable.characteristic.definition[x]","definitionTriggerDefinition","","",0,0,"","","Y","TriggerDefinition {[]} {[]}
","What code or expression defines members?","Define members of the evidence element using Codes (such as condition, medication, or observation), Expressions ( using an expression language such as FHIRPath or CQL) or DataRequirements (such as Diabetes diagnosis onset in the last year).","","Need to be able to define members in simple codes when the membership aligns well with terminology, with common criteria such as observations in a value set or lab tests within a year, or with expression language to support criteria that do not fit in the above.","","","","","","","",,,,,"",,,,"EvidenceVariable.characteristic.definition[x]",1,1,"","ele-1:All FHIR elements must have a @value or children {hasValue() or (children().count() > id.count())}
"
"EvidenceVariable.characteristic.usageContext","EvidenceVariable.characteristic.usageContext","","","",0,0,"","","","UsageContext {[]} {[]}
","What code/value pairs define members?","Use UsageContext to define the members of the population, such as Age Ranges, Genders, Settings.","","Need to be able to define members more structurally when more information can be communicated such as age range.","","","","","","","",,,,,"",,,,"EvidenceVariable.characteristic.usageContext",0,*,"","ele-1:All FHIR elements must have a @value or children {hasValue() or (children().count() > id.count())}
"
"EvidenceVariable.characteristic.exclude","EvidenceVariable.characteristic.exclude","","","",0,1,"Y","","","boolean {[]} {[]}
","Whether the characteristic includes or excludes members","When true, members with this characteristic are excluded from the element.","","","","False","","","","","",,,,,"",,,,"EvidenceVariable.characteristic.exclude",0,1,"","ele-1:All FHIR elements must have a @value or children {hasValue() or (children().count() > id.count())}
"
"EvidenceVariable.characteristic.participantEffective[x]","EvidenceVariable.characteristic.participantEffective[x]","","","",0,1,"","","","dateTime {[]} {[]}
Period {[]} {[]}Duration {[]} {[]}Timing {[]} {[]}","What time period do participants cover","Indicates what effective period the study covers.","","","","","","","","","",,,,,"",,,,"EvidenceVariable.characteristic.participantEffective[x]",0,1,"","ele-1:All FHIR elements must have a @value or children {hasValue() or (children().count() > id.count())}
"
"EvidenceVariable.characteristic.timeFromStart","EvidenceVariable.characteristic.timeFromStart","","","",0,1,"","","","Duration {[]} {[]}
","Observation time from study start","Indicates duration from the participant's study entry.","","","","","","","","","",,,,,"",,,,"EvidenceVariable.characteristic.timeFromStart",0,1,"","ele-1:All FHIR elements must have a @value or children {hasValue() or (children().count() > id.count())}
"
"EvidenceVariable.characteristic.groupMeasure","EvidenceVariable.characteristic.groupMeasure","","","",0,1,"","","","code {[]} {[]}
","mean | median | mean-of-mean | mean-of-median | median-of-mean | median-of-median","Indicates how elements are aggregated within the study effective period.","","","","","","","","","",,"required","Possible group measure aggregates (E.g. Mean, Median).","http://hl7.org/fhir/ValueSet/group-measure|4.0.1","",,,,"EvidenceVariable.characteristic.groupMeasure",0,1,"","ele-1:All FHIR elements must have a @value or children {hasValue() or (children().count() > id.count())}
"
